#,batch,slot,title,slug,primary_keyword,secondary_keywords,playbook_tie_in,unique_contribution,gates_blockers,status,draft_due,batch_review,publish,drafter,reviewer_publisher,gsc_indexed,gsc_impressions,gsc_clicks,gsc_avg_position,gsc_last_checked
1,A,Launch,How to share a vacation home with family: five ways to split the calendar,how-to-share-a-vacation-home-with-family,how to share a vacation home with family,how to split a vacation home with family; family vacation home calendar; shared family cabin calendar,Q2 How we divide the calendar; Q3 Holidays,"Side-by-side table of fixed weeks, rotation, draft, book-as-you-go, preference matching; worked example on synthetic data",Match described only within approved wording; no fairness/outcome claims,Drafted 2026-09-30 (passes blog lint + front matter),2026-10-06,Batch A review (2026-10-06),Launch day (Dan merge),Hermes,Matt,,,,,
2,A,Launch,Family cabin rules: a template your whole family can agree on,family-cabin-rules-template,family cabin rules template,rules for sharing a vacation home; family cottage rules; family shared cabin rules,Section 9 Staying at the house (checkout list); Section 7 Spending and changes,Copy-ready house rules + checkout checklist adapted from the Playbook,None beyond standard review,Drafted 2026-09-30 (passes blog lint + front matter),2026-10-06,Batch A review (2026-10-06),Launch day (Dan merge),Hermes,Matt,,,,,
3,A,Launch,SplitHaus vs a shared Google Calendar,splithaus-vs-google-calendar,shared vacation home calendar app,vacation home calendar app; google calendar for vacation home,Q4 Nights nobody uses,"Existing 2,366-word draft (dossier 05); needs worked scenario + screenshots",Founder evidence (scenario label + details); product screenshots on demo data; recheck Google help docs,"Draft exists; waiting on Matt: scenario label + details, demo-data screenshots",2026-10-06,Batch A review (2026-10-06),Launch day (Dan merge),Hermes,Matt,,,,,
4,A,Week 1,Inheriting a vacation home with siblings: making a schedule that works,inheriting-a-vacation-home-with-siblings,inheriting a vacation home with siblings,what happens when siblings inherit a house; sharing a vacation home with siblings,Q11 How much time each group gets; Q12 Passing a share on; Q15 Someone wants out,Conversation checklist; scheduling only,"No legal, tax, estate, title, trust or LLC advice; refer to professionals",Drafted 2026-09-30 (passes blog lint + front matter),2026-10-06,Batch A review (2026-10-06),Launch + 1 wk,Hermes,Matt,,,,,
5,B,Week 2,Who gets the Fourth of July? A holiday rotation example,who-gets-the-fourth-of-july,vacation home rotation schedule,who gets the Fourth of July week; how to divide summer weeks; holiday rotation,Q3 Holidays (rotate each year / count for more / for everyone),Multi-year rotation table for 3 and 4 groups (synthetic),None beyond standard review,Not started,2026-10-13,Batch B review (2026-10-13),Launch + 2 wk,Hermes,Matt,,,,,
6,B,Week 3,The calendar clauses of a shared vacation home agreement,shared-vacation-home-agreement-calendar,shared vacation home agreement,family cottage agreement; shared ownership calendar; vacation home usage agreement,Whole plan (sections 1-10 + signatures),Clause-by-clause walkthrough of the Playbook plan,Not a legal document; explicit disclaimer; no legal advice,Not started,2026-10-13,Batch B review (2026-10-13),Launch + 3 wk,Hermes,Matt,,,,,
7,B,Week 4,How to share a vacation house with friends,how-to-share-a-vacation-house-with-friends,how to share a vacation house with friends,co-own a vacation home with friends; shared cabin with friends,Q1 Who shares; Q6 Who pays; Q10 How we decide,Decision list for friend groups vs family groups,No co-ownership legal/financing advice,Not started,2026-10-13,Batch B review (2026-10-13),Launch + 4 wk,Hermes,Matt,,,,,
8,B,Week 5,When one family never uses the house,when-one-family-never-uses-the-vacation-home,(answer query) one family never uses the vacation home,unused weeks vacation home; nights nobody uses,Q4 Nights nobody uses; Q11 Time vs ownership,Open-night release rules with examples (14-day rule),Reopen/release behavior described only as conditionally approved,Not started,2026-10-13,Batch B review (2026-10-13),Launch + 5 wk,Hermes,Matt,,,,,
9,C,Week 6,Running the annual vacation home meeting (one-hour agenda),annual-vacation-home-meeting-agenda,vacation home family meeting agenda,shared house meeting; family cabin meeting,"Yearly house meeting agenda (5 parts, 60 min)",Printable one-hour agenda,Keyword unvalidated (no autocomplete signal),Not started,2026-10-20,Batch C review (2026-10-20),Launch + 6 wk,Hermes,Matt,,,,,
10,C,Week 7,Replacing the family spreadsheet: a vacation home calendar template,vacation-home-calendar-template,vacation home calendar template,vacation home schedule template; shared vacation home spreadsheet,Q2 Calendar; Q4 Open nights,Downloadable calendar template,Keyword unvalidated; template file needed,Not started,2026-10-20,Batch C review (2026-10-20),Launch + 7 wk,Hermes,Matt,,,,,
11,C,Week 8,"Getting every household to take part, even the one that never checks email",get-every-household-involved-shared-house,(operator playbook) family not responding vacation home schedule,house lead; family scheduling coordinator,Q8 Who looks after the place (scheduling job); Q10 How we decide,Coordinator playbook with message examples,Keyword unvalidated,Not started,2026-10-20,Batch C review (2026-10-20),Launch + 8 wk,Hermes,Matt,,,,,
12,C,Week 9,"Five generations, one house",five-generations-one-house,splithaus (brand / trust),family beach house story,Origin of the Playbook,Founder first-person account,"BLOCKED on founder evidence: first-person account, five-generations permission, photos, privacy review",Blocked,2026-10-20,Batch C review (2026-10-20),Launch + 9 wk,Hermes,Matt,,,,,
